init,final,size,i,sn,target
1,1,-4,1,0,1
1,1,-3,1,0,1
1,1,-2,1,0,1
1,1,-1,1,0,1
1,1,0,1,0,1
1,0,1,1,0,1
0,1,1,2,1,1
1,0,2,1,0,1
0,0,2,2,1,1
0,1,2,3,2,1
1,0,3,1,0,1
0,0,3,2,1,1
0,0,3,3,2,1
0,1,3,4,3,1
1,0,4,1,0,1
0,0,4,2,1,1
0,0,4,3,2,1
0,0,4,4,3,1
